"","county","year","crime_type","anti_male","anti_female","anti_transgender","anti_gender_identity_expression","anti_age","anti_white","anti_black","anti_american_indian_alaskan_native","anti_asian","anti_native_hawaiian_pacific_islander","anti_multi_racial_groups","anti_other_race","anti_jewish","anti_catholic","anti_protestant","anti_islamic_muslim","anti_multi_religious_groups","anti_atheism_agnosticism","anti_religious_practice_generally","anti_other_religion","anti_buddhist","anti_eastern_orthodox_greek_russian_etc","anti_hindu","anti_jehovahs_witness","anti_mormon","anti_other_christian","anti_sikh","anti_hispanic","anti_arab","anti_other_ethnicity_national_origin","anti_non_hispanic","anti_gay_male","anti_gay_female","anti_gay_male_and_female","anti_heterosexual","anti_bisexual","anti_physical_disability","anti_mental_disability","total_incidents","total_victims","total_offenders"
"1","Albany",2010,"Crimes Against Persons",0,0,0,0,0,0,9,0,0,0,0,0,0,0,0,0,0,0,0,1,0,0,0,0,0,0,0,0,0,0,0,2,1,0,0,0,0,0,13,13,20
"2","Albany",2011,"Crimes Against Persons",0,0,0,0,0,0,4,0,0,0,0,0,1,0,0,0,0,0,0,0,0,0,0,0,0,0,0,0,0,0,0,2,0,0,0,0,0,0,7,7,7
"3","Albany",2012,"Crimes Against Persons",0,0,0,0,0,0,1,0,1,0,0,0,0,0,0,0,0,0,0,0,0,0,0,0,0,0,0,1,0,0,0,0,1,1,0,0,0,0,5,5,8
"4","Albany",2013,"Crimes Against Persons",0,0,0,0,0,1,0,0,0,0,0,0,0,0,0,1,0,0,0,0,0,0,0,0,0,0,0,0,0,0,0,1,0,0,0,0,0,0,3,3,3
"5","Albany",2014,"Crimes Against Persons",0,0,0,0,0,0,1,0,0,0,0,0,0,1,0,0,0,0,0,0,0,0,0,0,0,0,0,0,0,0,0,1,0,0,0,0,0,0,3,3,3
"6","Albany",2015,"Crimes Against Persons",0,0,0,0,0,2,1,0,0,0,0,0,0,0,0,0,0,0,0,0,0,0,0,0,0,0,0,0,0,0,0,0,0,0,0,0,0,0,3,3,4
"7","Albany",2016,"Crimes Against Persons",0,0,0,0,0,0,1,0,0,0,0,0,0,0,0,1,0,0,0,0,0,0,0,0,0,0,0,0,0,0,0,1,0,0,0,0,0,0,3,4,3
"8","Albany",2017,"Crimes Against Persons",0,0,0,0,0,2,3,0,0,0,0,0,0,0,0,0,0,0,0,0,0,0,0,0,0,0,0,0,0,0,0,0,0,0,0,0,0,0,5,5,5
"9","Albany",2018,"Crimes Against Persons",0,0,0,0,0,1,3,0,0,0,0,0,2,0,0,0,0,0,0,0,0,0,0,0,0,1,0,0,0,0,0,3,1,1,0,0,0,0,12,12,12
"10","Albany",2019,"Crimes Against Persons",0,0,0,0,0,2,2,0,0,0,0,0,1,0,0,2,0,0,0,0,0,0,0,0,0,0,0,1,0,0,0,3,0,0,0,0,0,0,11,12,11
"11","Allegany",2013,"Crimes Against Persons",0,0,0,0,0,0,0,1,0,0,0,0,0,0,0,0,0,0,0,0,0,0,0,0,0,0,0,0,0,0,0,0,0,0,0,0,0,0,1,1,1
"12","Bronx",2010,"Crimes Against Persons",0,0,0,0,0,0,0,0,0,0,1,0,5,0,0,1,0,0,0,1,0,0,0,0,0,0,0,2,0,0,0,12,0,0,0,0,0,0,22,22,36
"13","Bronx",2011,"Crimes Against Persons",0,0,0,0,0,2,3,0,0,0,0,0,3,0,0,0,0,0,0,0,0,0,0,0,0,0,0,0,0,0,0,1,2,0,0,0,0,0,11,11,17
"14","Bronx",2012,"Crimes Against Persons",0,0,0,0,0,0,2,0,0,0,0,0,2,0,0,1,0,0,0,0,0,0,0,0,0,0,0,0,0,0,0,4,0,0,0,0,0,0,9,10,12
"15","Bronx",2013,"Crimes Against Persons",0,0,0,0,0,2,2,0,0,0,0,0,1,1,0,1,0,0,0,0,0,0,0,0,0,0,0,0,0,0,0,9,2,0,0,0,0,0,18,20,24
"16","Bronx",2014,"Crimes Against Persons",0,0,2,0,0,1,4,0,0,0,1,0,0,0,0,0,0,0,0,0,0,0,0,0,0,0,0,3,0,1,0,5,0,0,0,0,0,0,17,17,22
"17","Bronx",2015,"Crimes Against Persons",0,0,0,0,0,1,2,0,1,0,0,0,0,0,0,3,0,0,0,0,0,0,0,0,0,0,0,4,0,1,0,6,2,0,0,0,0,0,20,22,28
"18","Bronx",2016,"Crimes Against Persons",0,0,0,4,0,1,0,0,0,0,0,0,0,0,0,6,0,0,0,0,0,0,0,0,0,0,0,0,0,0,0,8,1,0,0,0,0,0,20,20,25
"19","Bronx",2017,"Crimes Against Persons",0,0,0,4,0,2,1,0,0,0,0,0,2,0,0,1,0,0,0,0,0,0,0,0,0,0,0,0,2,1,0,7,1,0,0,0,0,0,21,21,24
"20","Bronx",2018,"Crimes Against Persons",0,0,0,0,0,2,1,0,0,0,0,0,1,0,0,1,0,0,0,0,0,0,0,0,0,0,0,1,0,1,0,1,1,0,0,0,0,0,9,9,10
"21","Bronx",2019,"Crimes Against Persons",0,0,0,2,0,4,0,0,0,0,0,0,0,0,0,2,0,0,0,0,0,0,0,0,0,0,0,2,0,0,0,1,0,0,0,0,0,0,11,11,12
"22","Broome",2010,"Crimes Against Persons",0,0,0,0,0,0,1,0,0,0,0,0,0,0,0,0,0,0,0,0,0,0,0,0,0,0,0,0,0,0,0,0,1,0,0,0,0,0,2,2,2
"23","Broome",2011,"Crimes Against Persons",0,0,0,0,0,0,0,0,0,0,0,0,0,0,0,0,0,0,0,0,0,0,0,0,0,0,0,0,0,0,0,1,0,0,0,0,0,0,1,1,1
"24","Broome",2012,"Crimes Against Persons",0,0,0,0,0,0,2,0,0,0,0,0,0,0,0,0,0,0,0,0,0,0,0,0,0,0,0,0,0,0,0,0,0,0,0,0,0,0,2,2,3
"25","Broome",2013,"Crimes Against Persons",0,0,0,0,0,0,1,0,0,0,0,0,0,0,0,0,0,0,0,0,0,0,0,0,0,0,0,0,0,0,0,0,1,0,0,0,0,0,2,2,2
"26","Broome",2015,"Crimes Against Persons",0,0,0,0,0,0,1,0,0,0,0,0,1,0,0,0,0,0,0,0,0,0,0,0,0,0,0,0,0,0,0,1,0,0,0,0,0,0,3,3,3
"27","Broome",2016,"Crimes Against Persons",0,0,0,0,0,0,1,0,1,0,0,0,0,0,0,0,0,0,0,0,0,0,0,0,0,0,0,0,0,0,0,1,0,0,0,0,0,0,3,3,3
"28","Broome",2017,"Crimes Against Persons",0,0,0,0,0,0,1,0,0,0,0,0,0,0,0,0,0,0,0,0,0,0,0,0,0,0,0,0,0,0,0,0,0,0,0,0,0,0,1,1,1
"29","Broome",2018,"Crimes Against Persons",0,0,0,0,0,0,1,0,0,0,0,0,0,0,0,0,0,0,0,0,0,0,0,0,0,0,0,0,0,0,0,1,0,0,0,0,0,0,2,2,2
"30","Broome",2019,"Crimes Against Persons",0,0,0,0,0,0,1,0,0,0,0,0,0,0,0,0,0,0,0,0,0,0,0,0,0,0,0,0,0,0,0,0,0,0,0,0,0,0,1,1,1
"31","Cattaraugus",2011,"Crimes Against Persons",0,0,0,0,0,0,1,0,0,0,0,0,0,0,0,0,0,0,0,0,0,0,0,0,0,0,0,0,0,0,0,0,0,0,0,0,0,0,1,1,1
"32","Cattaraugus",2012,"Crimes Against Persons",0,0,0,0,0,0,1,0,0,0,0,0,0,0,0,0,0,0,0,0,0,0,0,0,0,0,0,0,0,0,0,0,0,0,0,0,0,0,1,1,1
"33","Cattaraugus",2013,"Crimes Against Persons",0,0,0,0,0,1,0,0,0,0,0,0,0,0,0,0,0,0,0,0,0,0,0,0,0,0,0,0,0,0,0,0,0,0,0,0,0,0,1,1,1
"34","Cattaraugus",2015,"Crimes Against Persons",0,0,0,0,0,0,1,0,0,0,0,0,0,0,0,0,0,0,0,0,0,0,0,0,0,0,0,0,0,0,0,1,0,0,0,0,0,0,2,2,2
"35","Cattaraugus",2017,"Crimes Against Persons",0,0,0,0,0,0,1,0,0,0,0,0,0,0,0,0,0,0,0,0,0,0,0,0,0,0,0,0,0,0,0,0,0,0,0,0,0,0,1,1,1
"36","Cattaraugus",2019,"Crimes Against Persons",0,0,0,0,0,0,1,0,0,0,0,0,0,0,0,0,0,0,0,0,0,0,0,0,0,0,0,0,0,0,0,0,0,0,0,0,0,0,1,1,1
"37","Cayuga",2010,"Crimes Against Persons",0,0,0,0,0,1,0,0,0,0,0,0,0,0,0,0,0,0,0,0,0,0,0,0,0,0,0,0,0,0,0,0,0,0,0,0,0,0,1,1,1
"38","Cayuga",2012,"Crimes Against Persons",0,0,0,0,0,0,3,0,0,0,0,0,0,0,0,0,0,0,0,0,0,0,0,0,0,0,0,0,0,0,0,1,0,0,0,0,0,0,4,4,4
"39","Cayuga",2015,"Crimes Against Persons",0,0,0,0,0,0,0,0,0,0,0,0,0,0,0,0,0,0,0,0,0,0,0,0,0,0,0,0,0,0,0,0,1,0,0,0,0,0,1,1,1
"40","Cayuga",2017,"Crimes Against Persons",0,0,0,0,0,0,1,0,0,0,0,0,0,0,0,0,0,0,0,0,0,0,0,0,0,0,0,0,0,0,0,0,0,0,0,0,0,0,1,1,1
"41","Cayuga",2018,"Crimes Against Persons",0,0,0,0,0,0,1,0,0,0,0,0,0,0,0,0,0,0,0,0,0,0,0,0,0,0,0,0,0,0,0,0,0,0,0,0,0,0,1,1,1
"42","Chautauqua",2010,"Crimes Against Persons",0,0,0,0,0,0,1,0,0,0,0,0,0,0,0,0,0,0,0,0,0,0,0,0,0,0,0,0,0,0,0,0,0,0,0,0,0,0,1,1,1
"43","Chautauqua",2011,"Crimes Against Persons",0,0,0,0,0,0,1,0,0,0,0,0,0,0,0,0,0,0,0,0,0,0,0,0,0,0,0,0,0,0,0,0,0,0,0,0,0,0,1,1,2
"44","Chautauqua",2013,"Crimes Against Persons",0,0,0,0,0,0,2,0,0,0,0,0,0,0,0,0,0,0,0,0,0,0,0,0,0,0,0,0,0,0,0,0,0,0,0,0,0,0,2,2,2
"45","Chautauqua",2015,"Crimes Against Persons",0,0,0,0,0,0,1,0,0,0,0,0,0,0,0,0,0,0,0,0,0,0,0,0,0,0,0,0,0,0,0,0,0,0,0,0,0,0,1,1,1
"46","Chemung",2010,"Crimes Against Persons",0,0,0,0,0,0,0,0,0,0,0,0,0,0,0,0,0,0,0,0,0,0,0,0,0,0,0,0,0,0,0,1,0,0,0,0,0,0,1,1,1
"47","Chemung",2011,"Crimes Against Persons",0,0,0,0,0,0,1,0,0,0,0,0,0,0,0,0,0,0,0,0,0,0,0,0,0,0,0,0,0,0,0,0,0,0,0,0,0,0,1,1,1
"48","Chemung",2016,"Crimes Against Persons",0,0,0,0,0,0,1,0,0,0,0,0,0,0,0,0,0,0,0,0,0,0,0,0,0,0,0,0,0,0,0,0,0,0,0,0,0,0,1,1,1
"49","Chenango",2010,"Crimes Against Persons",0,0,0,0,0,0,2,0,0,0,0,0,0,0,0,0,0,0,0,0,0,0,0,0,0,0,0,0,0,0,0,0,0,0,0,0,0,0,2,2,2
"50","Chenango",2012,"Crimes Against Persons",0,0,0,0,0,0,1,0,0,0,0,0,0,0,0,0,0,0,0,0,0,0,0,0,0,0,0,0,0,0,0,0,0,0,0,0,0,0,1,1,1
"51","Chenango",2016,"Crimes Against Persons",0,0,0,0,0,0,2,0,0,0,0,0,0,0,0,0,0,0,0,0,0,0,0,0,0,0,0,0,0,0,0,0,0,0,0,0,0,0,2,2,2
"52","Chenango",2017,"Crimes Against Persons",0,0,0,0,0,0,0,0,0,0,0,0,1,0,0,0,0,0,0,0,0,0,0,0,0,0,0,0,0,0,0,0,0,0,0,0,0,0,1,2,1
"53","Clinton",2010,"Crimes Against Persons",0,0,0,0,0,0,1,0,0,0,0,0,0,0,0,1,0,0,0,0,0,0,0,0,0,0,0,0,0,0,0,2,0,0,0,0,0,0,4,4,4
"54","Clinton",2011,"Crimes Against Persons",0,0,0,0,0,0,2,0,0,0,0,0,0,0,0,0,0,0,0,0,0,0,0,0,0,0,0,0,1,0,0,0,0,1,0,0,0,0,4,4,4
"55","Clinton",2012,"Crimes Against Persons",0,0,0,0,0,0,0,0,1,0,0,0,0,0,0,0,0,0,0,0,0,0,0,0,0,0,0,0,0,0,0,0,0,0,0,0,0,0,1,1,1
"56","Clinton",2017,"Crimes Against Persons",0,0,0,0,0,0,1,0,0,0,0,0,0,0,0,0,0,0,0,0,0,0,0,0,0,0,0,2,0,0,0,0,0,0,0,0,0,0,3,3,4
"57","Clinton",2018,"Crimes Against Persons",0,0,0,0,0,0,1,0,0,0,0,0,0,0,0,0,0,0,0,0,0,0,0,0,0,0,0,0,0,0,0,1,0,0,0,0,0,0,2,2,2
"58","Clinton",2019,"Crimes Against Persons",0,0,0,0,0,0,1,0,0,0,0,0,1,0,0,0,0,0,0,0,0,0,0,0,0,0,0,0,0,0,0,0,0,0,0,0,0,0,2,2,2
"59","Columbia",2010,"Crimes Against Persons",0,0,0,0,0,0,0,0,0,0,0,0,0,0,0,0,0,0,0,0,0,0,0,0,0,0,0,0,0,0,0,1,0,0,0,0,0,0,1,1,1
"60","Columbia",2012,"Crimes Against Persons",0,0,1,0,0,0,0,0,0,0,0,0,0,0,0,0,0,0,0,0,0,0,0,0,0,0,0,0,0,0,0,0,0,0,0,0,0,0,1,1,1
"61","Columbia",2014,"Crimes Against Persons",0,0,0,0,0,0,0,0,0,0,0,0,0,0,0,0,0,0,0,0,0,0,0,0,0,0,0,0,0,0,0,0,1,0,0,0,0,0,1,1,1
"62","Columbia",2017,"Crimes Against Persons",0,0,0,0,0,0,0,0,0,0,0,0,0,0,0,0,0,0,0,0,0,0,0,0,0,0,0,0,0,0,0,2,0,0,0,0,0,0,2,2,2
"63","Cortland",2010,"Crimes Against Persons",0,0,0,0,0,0,2,0,0,0,0,0,0,0,0,0,0,0,0,0,0,0,0,0,0,0,0,0,0,0,0,0,0,0,0,0,0,0,2,2,2
"64","Cortland",2011,"Crimes Against Persons",0,0,1,0,0,0,0,0,0,0,0,0,0,0,0,0,0,0,0,0,0,0,0,0,0,0,0,0,0,0,0,0,0,0,0,0,0,0,1,1,1
"65","Cortland",2012,"Crimes Against Persons",0,0,0,0,0,0,0,0,0,0,0,0,0,0,0,0,0,0,0,0,0,0,0,0,0,0,0,0,0,0,0,1,0,0,0,0,0,0,1,1,1
"66","Cortland",2013,"Crimes Against Persons",0,0,0,0,0,0,1,0,0,0,0,0,0,0,0,0,0,0,0,0,0,0,0,0,0,0,0,0,0,0,0,0,0,0,0,0,0,0,1,1,1
"67","Cortland",2019,"Crimes Against Persons",0,0,0,0,0,0,1,0,0,0,0,0,0,0,0,0,0,0,0,0,0,0,0,0,0,0,0,0,0,0,0,0,0,0,0,0,0,0,1,1,1
"68","Delaware",2015,"Crimes Against Persons",0,0,0,0,0,0,0,0,0,0,0,0,0,0,0,1,0,0,0,0,0,0,0,0,0,0,0,0,0,0,0,0,0,0,0,0,0,0,1,1,1
"69","Dutchess",2010,"Crimes Against Persons",0,0,0,0,0,1,3,0,0,0,0,0,0,0,0,0,0,0,0,0,0,0,0,0,0,0,0,5,1,0,0,0,0,0,0,0,0,0,10,10,18
"70","Dutchess",2011,"Crimes Against Persons",0,0,1,0,0,1,3,0,0,0,0,0,2,0,0,0,0,0,0,0,0,0,0,0,0,0,0,0,0,0,0,0,0,0,0,0,0,0,7,8,8
"71","Dutchess",2012,"Crimes Against Persons",0,0,0,0,0,0,4,0,0,0,0,0,0,0,0,0,0,0,0,0,0,0,0,0,0,0,0,0,0,0,0,0,0,0,0,0,0,0,4,4,4
"72","Dutchess",2013,"Crimes Against Persons",0,0,0,0,0,0,2,0,0,0,0,0,0,0,0,0,0,0,0,0,0,0,0,0,0,0,0,0,1,1,0,0,0,0,0,0,1,0,5,7,5
"73","Dutchess",2014,"Crimes Against Persons",0,0,0,0,0,0,2,0,0,0,0,0,1,0,0,0,0,0,0,0,0,0,0,0,0,0,0,0,0,0,0,0,0,0,0,0,0,0,3,3,3
"74","Dutchess",2015,"Crimes Against Persons",0,0,0,0,0,0,2,0,0,0,0,0,1,0,0,0,0,0,0,0,0,0,0,0,0,0,0,1,0,0,0,0,0,0,0,0,0,0,4,4,4
"75","Dutchess",2016,"Crimes Against Persons",0,0,0,0,0,0,0,0,0,0,0,0,1,0,0,0,0,0,0,0,0,0,0,0,0,0,0,0,0,0,0,0,0,0,0,0,0,0,1,2,1
"76","Dutchess",2017,"Crimes Against Persons",0,0,0,1,0,0,2,0,0,0,0,0,1,0,0,0,0,0,0,0,0,0,0,0,0,0,0,1,0,0,0,0,0,0,0,0,0,0,5,5,12
"77","Dutchess",2019,"Crimes Against Persons",0,0,0,1,0,0,2,0,0,0,0,0,0,0,0,0,0,0,0,0,0,0,0,0,0,0,0,0,1,0,0,0,0,0,0,0,0,0,4,5,4
"78","Erie",2010,"Crimes Against Persons",0,0,0,0,0,11,18,0,0,0,1,0,0,0,0,0,0,0,0,0,0,0,0,0,0,0,0,3,1,0,0,5,2,0,0,0,0,0,41,42,52
"79","Erie",2011,"Crimes Against Persons",0,0,0,0,0,3,10,0,0,0,0,0,2,0,0,0,0,0,0,0,0,0,0,0,0,0,0,4,1,1,0,5,1,1,0,0,0,1,29,31,34
"80","Erie",2012,"Crimes Against Persons",0,0,1,0,0,9,18,0,4,0,0,0,0,0,0,0,0,0,0,0,0,0,0,0,0,0,0,1,1,0,0,7,1,0,0,0,0,0,42,46,54
"81","Erie",2013,"Crimes Against Persons",0,1,0,0,0,6,7,0,0,0,0,0,0,0,0,1,0,0,0,0,0,0,0,0,0,0,0,1,1,1,0,0,2,1,0,0,0,0,21,22,23
"82","Erie",2014,"Crimes Against Persons",0,0,0,0,0,2,8,0,0,0,0,0,0,0,0,0,0,0,0,0,0,0,0,0,0,0,0,0,1,0,0,3,1,2,0,0,0,0,17,17,22
"83","Erie",2015,"Crimes Against Persons",0,0,0,0,0,1,2,0,0,0,0,0,0,0,0,1,0,0,0,0,0,0,0,0,0,0,0,1,0,0,0,1,0,0,0,0,0,0,6,6,6
"84","Erie",2016,"Crimes Against Persons",0,0,0,0,0,2,5,0,1,0,0,0,1,0,0,0,0,0,0,0,0,0,0,0,0,0,0,0,0,0,0,1,0,0,0,0,0,0,10,10,11
"85","Erie",2017,"Crimes Against Persons",0,0,0,0,0,1,2,0,0,0,0,0,0,0,0,0,0,0,0,0,0,0,0,0,0,0,0,0,0,0,0,2,1,0,0,0,0,0,6,6,10
"86","Erie",2018,"Crimes Against Persons",0,0,1,0,0,1,6,0,0,0,0,0,0,0,0,0,0,0,0,0,0,0,0,0,0,0,0,0,0,0,0,0,0,0,0,0,0,0,8,8,9
"87","Erie",2019,"Crimes Against Persons",0,0,0,0,0,1,0,0,0,0,0,0,1,0,0,0,0,0,0,0,0,0,0,0,0,0,0,0,1,0,0,0,0,0,0,0,0,0,3,3,5
"88","Essex",2010,"Crimes Against Persons",0,0,0,0,0,0,0,0,1,0,0,0,0,0,0,0,0,0,0,0,0,0,0,0,0,0,0,0,0,0,0,0,0,0,0,0,0,0,1,1,1
"89","Essex",2011,"Crimes Against Persons",0,0,0,0,0,0,1,0,0,0,0,0,0,0,0,0,0,0,0,0,0,0,0,0,0,0,0,0,0,0,0,0,0,0,0,0,0,0,1,1,1
"90","Essex",2014,"Crimes Against Persons",0,0,0,0,0,0,1,0,0,0,0,0,1,0,0,0,0,0,0,0,0,0,0,0,0,0,0,0,0,0,0,0,0,0,0,0,0,0,2,3,2
"91","Franklin",2010,"Crimes Against Persons",0,0,0,0,0,0,1,0,0,0,0,0,0,0,0,0,0,0,0,0,0,0,0,0,0,0,0,0,0,0,0,0,0,0,0,0,0,0,1,1,1
"92","Franklin",2012,"Crimes Against Persons",0,0,0,0,0,0,2,0,0,0,0,0,0,0,0,0,0,0,0,0,0,0,0,0,0,0,0,0,0,0,0,0,0,0,0,0,0,0,2,2,3
"93","Franklin",2015,"Crimes Against Persons",0,0,0,0,0,0,2,0,0,0,0,0,0,0,0,0,0,0,0,0,0,0,0,0,0,0,0,0,0,0,0,0,0,0,0,0,0,0,2,3,3
"94","Franklin",2016,"Crimes Against Persons",0,0,0,0,0,0,0,0,0,0,0,0,0,0,0,0,0,0,0,0,0,0,0,0,0,0,0,0,0,0,0,1,0,0,0,0,0,0,1,1,1
"95","Franklin",2017,"Crimes Against Persons",0,0,0,0,0,0,0,0,0,0,0,0,0,0,0,0,0,0,0,0,0,0,0,0,0,0,0,1,0,0,0,0,0,0,0,0,0,0,1,1,1
"96","Fulton",2012,"Crimes Against Persons",0,0,0,0,0,0,1,0,0,0,0,0,0,0,0,0,0,0,0,0,0,0,0,0,0,0,0,0,0,0,0,0,0,0,0,0,0,0,1,1,1
"97","Genesee",2013,"Crimes Against Persons",0,0,0,0,0,0,1,0,0,0,0,0,0,0,0,0,0,0,0,0,0,0,0,0,0,0,0,0,0,0,0,0,0,0,0,0,0,0,1,1,1
"98","Greene",2015,"Crimes Against Persons",0,0,0,0,0,0,1,0,0,0,0,0,0,0,0,0,0,0,0,0,0,0,0,0,0,0,0,0,0,0,0,0,0,0,0,0,0,0,1,1,1
"99","Hamilton",2017,"Crimes Against Persons",0,0,0,0,0,0,1,0,0,0,0,0,0,0,0,0,0,0,0,0,0,0,0,0,0,0,0,0,0,0,0,0,0,0,0,0,0,0,1,1,1
"100","Herkimer",2010,"Crimes Against Persons",0,0,0,0,0,0,1,0,0,0,0,0,0,0,0,0,0,0,0,0,0,0,0,0,0,0,0,0,0,0,0,0,0,0,0,0,0,0,1,1,1
"101","Herkimer",2014,"Crimes Against Persons",0,0,0,0,0,0,0,0,0,0,0,0,0,0,0,0,0,0,0,0,0,0,0,0,0,0,0,0,1,0,0,0,0,0,0,0,0,0,1,1,1
"102","Herkimer",2017,"Crimes Against Persons",0,0,0,0,0,0,1,0,0,0,0,0,0,0,0,0,0,0,0,0,0,0,0,0,0,0,0,0,0,0,0,0,0,0,0,0,0,0,1,2,1
"103","Herkimer",2018,"Crimes Against Persons",0,0,0,0,0,0,0,0,0,0,0,0,1,0,0,0,0,0,1,0,0,0,0,0,0,0,0,0,0,0,0,0,0,0,0,0,0,0,2,2,2
"104","Jefferson",2012,"Crimes Against Persons",0,0,0,0,0,0,1,0,0,0,0,0,0,0,0,0,0,0,0,0,0,0,0,0,0,0,0,0,0,0,0,0,0,0,0,0,0,0,1,1,1
"105","Jefferson",2013,"Crimes Against Persons",0,0,0,0,0,0,0,0,0,0,0,0,0,0,0,0,0,0,0,0,0,0,0,0,0,0,0,0,0,0,0,1,0,0,0,0,0,0,1,1,1
"106","Jefferson",2014,"Crimes Against Persons",0,0,0,0,0,0,0,0,0,0,0,0,0,0,0,0,0,0,0,0,0,0,0,0,0,0,0,1,0,0,0,0,0,0,0,0,0,0,1,1,1
"107","Jefferson",2016,"Crimes Against Persons",0,0,0,0,0,0,0,0,0,0,0,0,0,0,0,0,0,0,0,0,0,0,0,0,0,0,0,0,0,0,0,0,1,0,0,0,0,0,1,1,1
"108","Kings",2010,"Crimes Against Persons",0,0,0,0,0,3,10,0,0,0,0,0,34,0,0,7,0,0,0,0,0,0,0,0,0,0,0,3,0,1,0,20,3,0,0,0,0,0,81,82,101
"109","Kings",2011,"Crimes Against Persons",0,0,0,0,0,1,6,0,0,0,0,0,16,0,0,6,0,0,0,2,0,0,0,0,0,0,0,0,0,2,0,16,3,1,0,0,0,0,53,61,80
"110","Kings",2012,"Crimes Against Persons",0,0,0,0,0,1,6,0,0,0,0,0,32,0,0,1,0,0,0,0,0,0,0,0,0,0,0,1,0,0,0,12,3,0,0,0,0,0,56,62,87
"111","Kings",2013,"Crimes Against Persons",0,0,0,0,0,4,4,0,2,0,0,0,21,0,0,2,0,0,0,0,0,0,0,0,0,0,0,0,0,4,0,27,4,0,0,0,0,0,68,76,102
"112","Kings",2014,"Crimes Against Persons",0,0,0,0,1,1,4,0,0,0,0,0,29,0,0,10,1,0,0,0,0,0,0,0,0,0,0,0,0,0,0,22,4,0,0,0,0,0,72,76,97
"113","Kings",2015,"Crimes Against Persons",0,0,0,0,0,3,6,0,2,0,0,0,35,0,0,7,0,0,0,0,0,0,0,0,0,0,0,2,0,0,0,20,3,0,0,0,0,0,78,81,104
"114","Kings",2016,"Crimes Against Persons",0,0,0,5,0,6,4,0,1,0,0,0,26,1,0,9,0,0,0,1,0,0,0,0,0,0,0,0,0,3,0,16,3,0,0,0,0,0,75,75,81
"115","Kings",2017,"Crimes Against Persons",0,0,0,5,0,2,6,0,1,0,0,0,11,1,0,1,0,0,0,0,0,0,0,0,0,0,0,3,4,2,0,15,2,0,0,0,0,0,53,53,64
"116","Kings",2018,"Crimes Against Persons",0,0,0,2,0,5,3,0,1,0,0,0,24,0,0,4,0,0,0,0,0,0,0,0,0,0,0,0,1,1,0,15,1,0,0,0,0,0,57,57,61
"117","Kings",2019,"Crimes Against Persons",0,0,0,4,0,3,3,0,1,0,0,0,32,0,0,2,0,0,0,0,0,0,0,0,0,0,0,1,1,0,0,11,1,1,0,0,0,0,60,62,83
"118","Lewis",2012,"Crimes Against Persons",0,0,0,0,0,0,0,0,0,0,0,0,0,0,0,0,0,0,0,0,0,0,0,0,0,0,0,1,0,0,0,0,0,0,0,0,0,0,1,1,1
"119","Lewis",2017,"Crimes Against Persons",0,0,0,0,0,0,1,0,0,0,0,0,0,0,0,0,0,0,0,0,0,0,0,0,0,0,0,0,0,0,0,0,0,0,0,0,0,0,1,2,4
"120","Livingston",2011,"Crimes Against Persons",0,0,0,0,0,0,1,0,1,0,0,0,1,0,0,0,0,0,0,0,0,0,0,0,0,0,0,0,0,0,0,0,0,0,0,0,0,0,3,3,3
"121","Livingston",2013,"Crimes Against Persons",0,0,0,0,0,0,1,0,0,0,0,0,0,0,0,0,0,0,0,0,0,0,0,0,0,0,0,0,0,0,0,0,0,0,0,0,0,0,1,1,1
"122","Livingston",2014,"Crimes Against Persons",0,0,1,0,0,0,0,0,0,0,0,0,0,0,0,0,0,0,0,0,0,0,0,0,0,0,0,0,0,0,0,0,0,0,0,0,0,0,1,1,1
"123","Livingston",2016,"Crimes Against Persons",0,0,0,0,0,0,0,0,0,0,0,0,0,0,0,0,0,0,0,0,0,0,0,0,0,0,0,1,0,0,0,0,0,0,0,0,0,0,1,1,1
"124","Livingston",2017,"Crimes Against Persons",0,0,0,0,0,0,0,0,0,0,0,0,0,0,0,0,0,0,0,0,0,0,0,0,0,0,0,0,0,0,0,1,0,0,0,0,0,0,1,1,1
"125","Madison",2011,"Crimes Against Persons",0,0,0,0,0,0,3,0,0,0,0,0,0,0,0,0,0,0,0,0,0,0,0,0,0,0,0,0,0,0,0,0,0,0,0,0,0,0,3,4,5
"126","Madison",2012,"Crimes Against Persons",0,0,0,0,0,0,1,0,0,0,0,0,2,0,0,0,0,0,0,0,0,0,0,0,0,0,0,0,0,0,0,0,0,0,0,0,0,0,3,3,3
"127","Madison",2013,"Crimes Against Persons",0,1,0,0,0,0,0,0,0,0,0,0,0,0,0,0,0,0,0,0,0,0,0,0,0,0,0,0,0,0,0,0,0,0,0,0,0,0,1,1,1
"128","Monroe",2010,"Crimes Against Persons",0,0,0,0,0,2,3,0,1,0,0,0,0,0,0,0,1,0,0,0,0,0,0,0,0,0,0,0,0,1,0,4,0,0,0,0,0,0,12,14,12
"129","Monroe",2011,"Crimes Against Persons",0,0,0,0,0,0,2,0,0,0,0,0,1,0,0,0,0,0,0,0,0,0,0,0,0,0,0,0,0,0,0,1,0,0,0,0,0,0,4,4,4
"130","Monroe",2012,"Crimes Against Persons",0,0,0,0,0,0,1,0,1,0,0,0,1,0,0,0,0,0,0,0,0,0,0,0,0,0,0,0,0,0,0,0,0,0,0,0,0,0,3,3,3
"131","Monroe",2013,"Crimes Against Persons",0,0,0,0,0,1,5,0,0,0,0,0,0,0,0,1,0,0,0,0,0,0,0,0,0,0,0,0,0,0,0,0,0,0,0,0,0,0,7,8,7
"132","Monroe",2014,"Crimes Against Persons",0,0,0,0,0,0,0,0,0,0,0,0,0,0,0,0,0,0,0,0,0,0,0,0,0,0,0,0,0,0,0,0,0,1,0,0,0,0,1,1,2
"133","Monroe",2015,"Crimes Against Persons",0,0,0,1,0,0,1,0,0,0,0,0,0,0,0,0,0,0,0,0,0,0,0,0,0,0,0,0,0,0,0,0,0,0,0,0,0,0,2,3,2
"134","Monroe",2016,"Crimes Against Persons",0,0,0,0,0,0,1,0,0,0,0,0,0,0,0,0,0,0,0,0,0,0,0,0,0,0,0,0,0,0,0,0,0,0,0,0,0,0,1,1,1
"135","Monroe",2017,"Crimes Against Persons",0,0,0,0,0,0,1,0,0,0,0,0,0,0,0,0,0,0,0,0,0,0,0,0,0,0,0,0,0,0,0,2,0,0,0,0,0,0,3,3,6
"136","Monroe",2018,"Crimes Against Persons",0,0,0,0,0,0,3,0,0,0,0,0,0,0,0,0,0,0,0,0,0,0,0,0,0,0,0,0,0,0,0,0,0,0,0,0,0,0,3,3,3
"137","Monroe",2019,"Crimes Against Persons",0,0,0,0,0,1,1,0,0,0,0,0,0,0,0,0,0,0,0,0,0,0,0,0,0,0,0,0,0,0,0,1,0,0,0,0,0,0,3,3,3
"138","Multiple",2010,"Crimes Against Persons",0,0,0,0,0,1,1,0,0,0,0,0,0,0,0,0,0,0,0,0,0,0,0,0,0,0,0,1,0,0,0,0,0,0,0,0,0,0,3,3,3
"139","Multiple",2011,"Crimes Against Persons",0,0,0,0,0,0,1,0,0,0,0,0,0,0,0,0,0,0,0,0,0,0,0,0,0,0,0,0,1,0,0,1,0,0,0,0,0,0,3,3,3
"140","Multiple",2013,"Crimes Against Persons",0,0,0,0,0,0,1,0,0,0,0,0,0,0,0,0,0,0,0,0,0,0,0,0,0,0,0,0,0,0,0,0,0,0,0,0,0,0,1,1,1
"141","Multiple",2014,"Crimes Against Persons",0,0,0,0,0,1,0,0,0,0,0,0,0,0,0,0,0,0,0,0,0,0,0,0,0,0,0,0,0,0,0,0,0,0,0,0,0,0,1,1,1
"142","Multiple",2016,"Crimes Against Persons",0,0,0,0,0,1,0,0,0,0,0,0,0,0,0,0,0,0,0,0,0,0,0,0,0,0,0,0,0,0,0,0,0,0,0,0,0,0,1,1,2
"143","Multiple",2017,"Crimes Against Persons",0,0,0,0,0,1,0,0,0,0,0,0,0,0,0,1,0,0,0,0,0,0,0,0,0,0,0,0,0,0,0,0,0,0,0,0,0,0,2,2,2
"144","Multiple",2018,"Crimes Against Persons",0,0,0,0,0,0,3,0,0,0,0,0,0,0,0,0,0,0,0,0,0,0,0,0,0,0,0,1,0,0,0,0,0,0,0,0,0,0,4,4,4
"145","Multiple",2019,"Crimes Against Persons",0,0,0,0,0,0,2,0,0,0,0,0,0,0,0,0,0,0,0,0,0,0,0,0,0,0,0,0,0,0,0,2,0,0,0,0,0,0,4,4,4
"146","Nassau",2010,"Crimes Against Persons",0,0,0,0,0,0,3,0,0,0,0,0,2,0,0,0,0,0,0,0,0,0,0,0,0,0,0,2,0,1,0,6,0,0,0,0,0,0,14,14,20
"147","Nassau",2011,"Crimes Against Persons",0,0,0,0,0,1,5,0,0,0,0,0,2,0,0,0,0,0,0,0,0,0,0,0,0,0,0,1,0,0,0,2,0,0,0,0,0,0,11,12,11
"148","Nassau",2012,"Crimes Against Persons",0,0,0,0,0,0,9,0,0,0,0,0,4,0,0,1,0,0,0,0,0,0,0,0,0,0,0,0,0,0,0,0,0,0,0,0,0,0,14,14,14
"149","Nassau",2013,"Crimes Against Persons",0,0,0,0,0,0,3,0,1,0,0,0,4,0,0,0,0,0,0,0,0,0,0,0,0,0,0,3,0,0,0,1,0,1,0,0,0,0,13,16,16
"150","Nassau",2014,"Crimes Against Persons",0,0,0,0,0,0,8,0,0,0,0,0,3,0,0,0,0,0,0,0,0,0,0,0,0,0,0,0,0,0,0,3,0,0,0,0,0,0,14,15,15
"151","Nassau",2015,"Crimes Against Persons",0,0,0,0,0,0,2,0,0,0,0,0,2,0,1,3,0,0,0,0,0,0,0,0,0,0,0,2,0,0,0,1,0,0,0,0,0,0,11,11,14
"152","Nassau",2016,"Crimes Against Persons",0,0,0,0,0,0,0,0,0,0,0,0,3,0,0,1,0,0,0,0,0,0,0,0,0,0,0,0,0,0,0,1,0,0,0,0,0,0,5,6,6
"153","Nassau",2017,"Crimes Against Persons",0,0,0,0,0,1,3,0,0,0,0,0,3,0,0,0,0,0,0,0,0,0,0,0,0,0,0,0,0,0,0,1,0,0,0,0,0,0,8,8,8
"154","Nassau",2018,"Crimes Against Persons",0,0,0,0,0,0,4,0,0,0,0,0,2,0,0,0,0,0,0,0,0,0,0,0,0,0,0,0,0,1,0,0,0,0,0,0,0,0,7,7,7
"155","Nassau",2019,"Crimes Against Persons",0,0,0,0,0,0,3,0,0,0,0,0,4,0,0,1,0,0,0,0,0,0,0,0,0,0,0,1,0,0,0,1,0,0,0,0,0,0,10,10,10
"156","New York",2010,"Crimes Against Persons",1,0,0,0,0,1,5,0,8,0,0,0,20,1,0,6,1,0,0,2,0,0,0,0,0,0,0,2,1,3,0,21,1,2,0,0,0,0,75,75,91
"157","New York",2011,"Crimes Against Persons",0,0,1,0,0,0,1,0,2,0,0,0,8,0,0,5,0,0,0,1,0,0,0,0,0,0,0,0,1,2,0,19,1,1,0,0,0,0,42,47,54
"158","New York",2012,"Crimes Against Persons",0,0,2,0,0,2,7,0,1,0,0,0,12,1,0,4,1,0,0,0,0,0,0,0,0,0,0,4,0,0,0,16,4,0,0,0,0,0,54,61,76
"159","New York",2013,"Crimes Against Persons",0,0,1,0,0,4,6,0,2,0,0,0,9,3,0,5,0,0,0,0,0,0,0,0,0,0,0,3,0,1,0,36,1,0,0,0,1,0,72,80,113
"160","New York",2014,"Crimes Against Persons",0,0,0,0,0,5,6,0,2,0,1,0,8,0,0,2,0,0,0,0,0,0,0,0,0,0,0,1,0,0,0,27,1,2,0,0,0,0,55,60,78
"161","New York",2015,"Crimes Against Persons",0,0,0,0,0,3,6,0,6,0,0,0,12,0,0,3,0,0,0,0,0,0,0,0,0,0,0,0,0,2,0,28,7,0,0,0,0,0,67,73,86
"162","New York",2016,"Crimes Against Persons",0,1,1,5,0,5,6,0,3,0,0,0,9,0,0,3,0,0,1,0,0,0,0,0,0,0,0,1,0,1,0,35,8,0,0,0,0,0,79,79,83
"163","New York",2017,"Crimes Against Persons",0,0,0,1,0,3,9,0,3,0,0,0,8,0,0,3,0,0,0,0,0,0,0,0,0,0,0,0,4,2,0,8,0,2,0,0,0,0,43,43,49
"164","New York",2018,"Crimes Against Persons",0,0,0,3,0,4,10,0,2,0,0,0,7,0,0,4,0,0,0,0,0,0,0,0,1,1,0,3,1,4,0,11,0,0,0,0,0,0,51,51,53
"165","New York",2019,"Crimes Against Persons",0,0,0,1,0,16,2,0,0,0,1,0,11,0,0,2,0,0,0,0,0,0,0,1,0,0,0,1,1,2,0,8,3,1,0,0,0,0,50,52,54
"166","Niagara",2010,"Crimes Against Persons",0,0,0,0,0,0,0,0,0,0,0,0,0,0,0,0,0,0,0,0,0,0,0,0,0,0,0,0,0,0,0,1,0,0,0,0,0,0,1,1,1
"167","Niagara",2011,"Crimes Against Persons",0,0,0,0,0,0,2,0,0,0,0,0,0,0,0,0,0,0,0,0,0,0,0,0,0,0,0,0,2,0,0,2,0,0,0,0,0,0,6,6,6
"168","Niagara",2012,"Crimes Against Persons",0,0,0,0,0,0,2,0,0,0,0,0,0,0,0,0,0,0,0,0,0,0,0,0,0,0,0,0,0,0,0,0,1,0,0,0,0,0,3,3,3
"169","Niagara",2013,"Crimes Against Persons",0,0,0,0,0,1,1,0,0,0,0,0,0,0,0,0,0,0,0,0,0,0,0,0,0,0,0,1,0,0,0,0,0,0,0,0,0,0,3,3,3
"170","Niagara",2016,"Crimes Against Persons",0,0,0,0,0,0,1,0,0,0,0,0,0,0,0,0,0,0,0,0,0,0,0,0,0,0,0,0,0,0,0,0,1,0,0,0,0,0,2,2,2
"171","Niagara",2017,"Crimes Against Persons",0,0,0,0,0,1,0,0,0,0,0,0,0,0,0,0,0,0,0,0,0,0,0,0,0,0,0,0,0,0,0,0,0,0,0,0,0,0,1,1,1
"172","Oneida",2012,"Crimes Against Persons",0,0,0,0,0,0,0,0,0,0,0,0,0,0,0,0,0,0,0,0,0,0,0,0,0,0,0,0,0,1,0,1,0,0,0,0,0,0,2,2,2
"173","Oneida",2013,"Crimes Against Persons",0,0,0,0,0,0,2,0,0,0,0,0,0,0,0,0,0,0,0,0,0,0,0,0,0,0,0,0,0,0,0,0,0,0,0,0,0,0,2,2,2
"174","Oneida",2016,"Crimes Against Persons",0,0,0,0,0,0,0,0,0,0,0,0,0,0,0,0,0,0,0,0,0,0,0,0,0,0,0,0,0,0,0,0,1,0,0,0,0,0,1,1,1
"175","Oneida",2017,"Crimes Against Persons",0,0,0,0,0,0,0,0,0,0,0,0,0,0,0,1,0,0,0,0,0,0,0,0,0,0,0,0,0,0,0,0,0,0,0,0,0,0,1,1,1
"176","Oneida",2018,"Crimes Against Persons",0,0,1,0,0,0,0,0,0,0,0,0,0,0,0,0,0,0,0,0,0,0,0,0,0,0,0,0,0,0,0,0,0,0,0,0,0,0,1,1,1
"177","Oneida",2019,"Crimes Against Persons",0,0,0,0,0,0,1,0,0,0,0,0,0,0,0,0,0,0,0,0,0,0,0,0,0,0,0,0,0,0,0,0,0,0,0,0,0,0,1,1,1
"178","Onondaga",2010,"Crimes Against Persons",0,0,0,0,0,0,0,0,0,0,0,0,0,1,0,1,0,0,0,0,0,0,0,0,0,0,0,0,1,0,0,0,0,0,0,0,0,0,3,4,3
"179","Onondaga",2011,"Crimes Against Persons",0,0,1,0,0,0,1,0,0,0,0,0,0,0,0,0,0,0,0,0,0,0,0,0,0,0,0,0,0,0,0,0,0,0,0,0,0,0,2,2,2
"180","Onondaga",2012,"Crimes Against Persons",0,0,0,0,0,0,0,0,0,0,0,0,0,0,0,0,0,0,0,0,0,0,0,0,0,0,0,0,1,0,0,0,0,0,0,0,0,0,1,1,1
"181","Onondaga",2014,"Crimes Against Persons",0,0,0,0,0,0,0,0,0,0,0,0,0,0,0,0,0,0,0,0,0,0,0,0,0,0,0,0,0,0,0,0,0,0,0,1,0,0,1,1,1
"182","Onondaga",2018,"Crimes Against Persons",0,0,0,0,0,0,0,0,0,0,0,0,0,0,0,0,0,0,0,0,0,0,0,0,0,0,0,0,0,0,0,1,0,0,0,0,0,0,1,1,1
"183","Onondaga",2019,"Crimes Against Persons",0,0,0,0,0,0,0,0,0,0,0,0,1,0,0,0,0,0,0,0,0,0,0,0,0,0,0,0,0,0,0,0,0,0,0,0,0,0,1,1,1
"184","Ontario",2010,"Crimes Against Persons",0,0,0,0,0,0,1,0,0,0,0,0,0,0,0,0,0,0,0,0,0,0,0,0,0,0,0,0,0,0,0,0,0,0,0,0,0,0,1,1,1
"185","Ontario",2011,"Crimes Against Persons",0,0,0,0,0,0,0,0,0,0,0,0,0,0,0,0,0,0,0,0,0,0,0,0,0,0,0,0,0,0,0,0,0,1,0,0,0,0,1,1,1
"186","Ontario",2013,"Crimes Against Persons",0,0,0,0,0,0,1,0,0,0,0,0,0,0,0,0,0,0,0,0,0,0,0,0,0,0,0,0,0,0,0,0,0,0,0,0,0,0,1,1,1
"187","Ontario",2018,"Crimes Against Persons",0,1,0,0,0,0,0,0,0,0,0,0,0,0,0,0,0,0,0,0,0,0,0,0,0,0,0,0,0,0,0,0,0,0,0,0,0,0,1,1,1
"188","Orange",2010,"Crimes Against Persons",0,0,0,0,0,2,4,0,0,0,0,0,0,0,0,0,0,0,0,0,0,0,0,0,0,0,0,1,0,1,0,1,0,0,0,0,0,0,9,9,10
"189","Orange",2011,"Crimes Against Persons",0,0,0,0,0,0,1,0,0,0,0,0,1,0,0,0,0,0,0,0,0,0,0,0,0,0,0,0,0,0,0,1,0,0,0,0,0,0,3,4,4
"190","Orange",2012,"Crimes Against Persons",0,0,0,0,0,0,0,0,0,0,0,0,5,0,0,0,0,0,0,0,0,0,0,0,0,0,0,0,0,0,0,0,0,0,0,0,0,0,5,5,5
"191","Orange",2013,"Crimes Against Persons",0,0,0,0,0,0,1,0,0,0,0,0,2,0,0,0,0,0,0,0,0,0,0,0,0,0,0,0,0,0,0,1,0,0,0,0,0,0,4,5,4
"192","Orange",2014,"Crimes Against Persons",0,0,0,0,0,0,1,0,0,0,0,0,1,0,0,0,0,0,0,0,0,0,0,0,0,0,0,0,0,0,0,0,0,0,0,0,0,0,2,2,2
"193","Orange",2015,"Crimes Against Persons",0,0,0,0,0,0,0,0,0,0,0,0,3,0,0,0,0,0,0,0,0,0,0,0,0,0,0,0,0,0,0,0,0,0,0,0,0,0,3,4,3
"194","Orange",2016,"Crimes Against Persons",0,0,0,0,0,0,0,0,0,0,0,0,3,0,0,1,0,0,0,0,0,0,0,0,0,0,0,1,0,0,0,0,0,0,0,0,0,0,5,5,5
"195","Orange",2017,"Crimes Against Persons",0,0,0,0,0,1,2,0,0,0,0,0,0,0,0,0,0,0,0,0,0,0,1,0,0,0,0,0,0,0,0,1,0,0,0,0,0,0,5,5,6
"196","Orange",2018,"Crimes Against Persons",0,0,0,0,0,0,1,0,0,0,0,0,0,0,0,0,0,0,0,0,0,0,0,0,0,0,0,1,0,0,0,1,0,0,0,0,0,0,3,3,3
"197","Orange",2019,"Crimes Against Persons",0,0,0,0,0,0,1,0,0,0,0,0,1,0,0,0,0,0,0,0,0,0,0,0,0,0,0,1,0,0,0,1,0,0,0,0,0,0,4,4,5
"198","Orleans",2010,"Crimes Against Persons",0,0,0,0,0,0,0,0,0,0,0,0,0,0,0,1,0,0,0,0,0,0,0,0,0,0,0,0,0,0,0,0,0,0,0,0,0,0,1,1,5
"199","Orleans",2011,"Crimes Against Persons",0,0,0,0,0,0,1,0,0,0,0,0,1,0,0,0,0,0,0,0,0,0,0,0,0,0,0,0,0,0,0,0,0,0,0,0,0,0,2,2,3
"200","Oswego",2010,"Crimes Against Persons",0,0,0,0,0,0,1,0,0,0,0,0,2,0,0,0,0,0,0,0,0,0,0,0,0,0,0,1,0,0,0,3,0,0,0,0,0,0,7,10,7
"201","Oswego",2012,"Crimes Against Persons",0,0,0,0,0,0,0,0,0,0,0,0,0,0,0,0,0,0,0,0,0,0,0,0,0,0,0,0,0,0,0,0,1,0,0,0,0,0,1,1,1
"202","Oswego",2015,"Crimes Against Persons",0,0,0,0,0,0,1,0,0,0,0,0,0,0,0,0,0,0,0,0,0,0,0,0,0,0,0,0,0,0,0,0,0,0,0,0,0,0,1,1,1
"203","Oswego",2016,"Crimes Against Persons",0,0,0,0,0,0,1,0,0,0,0,0,0,0,0,0,0,0,0,0,0,0,0,0,0,0,0,0,0,0,0,0,0,0,0,0,0,0,1,1,2
"204","Oswego",2017,"Crimes Against Persons",0,0,0,1,0,0,1,0,0,0,0,0,0,0,0,1,0,0,0,0,0,0,0,0,0,0,0,0,0,0,0,0,0,0,0,0,0,0,3,3,7
"205","Oswego",2018,"Crimes Against Persons",0,0,0,0,0,0,0,0,0,0,0,0,0,0,0,0,0,0,0,0,0,0,0,0,0,0,0,0,0,0,0,1,0,0,0,0,0,0,1,1,1
"206","Otsego",2010,"Crimes Against Persons",0,0,0,0,0,0,1,0,0,0,0,0,0,0,0,0,0,0,0,0,0,0,0,0,0,0,0,0,0,0,0,0,1,0,0,0,0,0,2,2,2
"207","Otsego",2011,"Crimes Against Persons",0,0,0,0,0,0,3,0,0,0,0,0,0,0,0,0,0,0,0,0,0,0,0,0,0,0,0,1,0,0,0,0,3,0,0,0,0,0,7,7,7
"208","Otsego",2012,"Crimes Against Persons",0,0,0,0,0,0,1,0,0,0,0,0,0,0,0,0,0,0,0,0,0,0,0,0,0,0,0,0,0,0,0,0,0,0,0,0,0,0,1,1,1
"209","Otsego",2014,"Crimes Against Persons",0,0,0,0,0,0,1,0,0,0,0,0,0,0,0,0,0,0,0,0,0,0,0,0,0,0,0,0,0,0,0,0,0,0,0,0,0,0,1,2,1
"210","Otsego",2015,"Crimes Against Persons",0,0,0,0,0,0,1,0,0,0,0,0,0,0,0,0,0,0,0,0,0,0,0,0,0,0,0,0,0,0,0,0,0,0,0,0,0,0,1,2,1
"211","Otsego",2016,"Crimes Against Persons",0,0,0,0,0,0,1,0,0,0,0,0,0,0,0,0,0,0,0,0,0,0,0,0,0,0,0,0,0,0,0,0,0,0,0,0,0,0,1,1,1
"212","Putnam",2012,"Crimes Against Persons",0,0,0,0,0,0,0,0,0,0,0,0,1,0,0,0,0,0,0,0,0,0,0,0,0,0,0,1,0,0,0,0,0,0,0,0,0,0,2,2,2
"213","Putnam",2013,"Crimes Against Persons",0,0,1,0,0,0,0,0,0,0,0,0,0,0,0,0,0,0,0,0,0,0,0,0,0,0,0,0,1,0,0,0,0,0,0,0,0,0,2,2,2
"214","Putnam",2017,"Crimes Against Persons",0,0,0,0,0,0,0,0,0,0,0,0,0,0,0,0,0,0,0,0,0,0,0,0,0,0,0,0,0,0,0,1,0,0,0,0,0,0,1,1,1
"215","Putnam",2018,"Crimes Against Persons",0,0,0,0,0,0,0,0,0,0,0,0,0,0,0,0,0,0,0,0,0,0,0,0,0,0,0,1,0,0,0,0,0,0,0,0,0,0,1,1,1
"216","Queens",2010,"Crimes Against Persons",0,0,0,0,0,0,3,0,1,0,0,0,9,0,0,1,0,0,0,0,0,0,0,0,0,0,0,3,1,0,0,3,1,1,0,0,0,0,23,23,30
"217","Queens",2011,"Crimes Against Persons",0,0,0,0,0,1,1,0,0,0,1,0,2,0,0,0,0,0,0,1,0,0,0,0,0,0,0,0,0,1,0,9,1,0,0,0,0,0,17,18,43
"218","Queens",2012,"Crimes Against Persons",0,0,0,0,0,1,1,0,1,0,0,0,0,0,0,7,0,0,0,0,0,0,0,0,0,0,0,2,0,1,0,8,0,0,0,0,0,0,21,21,30
"219","Queens",2013,"Crimes Against Persons",0,0,0,0,0,1,3,1,2,0,0,0,1,0,0,4,0,0,0,0,0,0,0,0,0,0,0,1,0,1,0,13,2,0,0,0,0,0,29,31,38
"220","Queens",2014,"Crimes Against Persons",0,0,0,0,0,0,0,0,0,0,0,0,2,0,0,3,0,0,0,1,0,0,0,0,0,0,0,2,0,1,0,10,0,0,0,0,0,0,19,20,26
"221","Queens",2015,"Crimes Against Persons",0,0,0,0,0,2,2,0,0,0,0,0,3,1,0,2,0,0,0,0,0,0,0,0,0,0,0,2,0,1,0,7,1,0,0,0,1,0,22,23,30
"222","Queens",2016,"Crimes Against Persons",0,0,0,2,0,0,1,0,3,0,0,0,1,1,0,6,0,0,0,0,0,0,0,0,0,0,0,0,0,19,0,5,0,0,0,0,0,0,38,38,38
"223","Queens",2017,"Crimes Against Persons",0,0,0,0,0,1,0,0,1,0,0,0,3,0,0,5,0,0,0,0,0,0,0,0,0,0,0,1,3,3,0,4,2,0,0,0,0,0,23,23,27
"224","Queens",2018,"Crimes Against Persons",0,0,0,2,0,1,2,0,1,0,0,0,5,0,0,1,0,0,0,0,0,0,0,0,0,0,0,1,0,1,0,3,2,0,0,0,0,0,19,19,20
"225","Queens",2019,"Crimes Against Persons",0,0,0,5,0,0,2,0,0,0,0,0,4,0,0,2,0,0,0,0,0,0,0,0,0,0,0,0,0,0,0,5,0,0,0,0,0,0,18,18,22
"226","Rensselaer",2010,"Crimes Against Persons",0,0,0,0,0,1,1,0,0,0,0,0,0,0,0,0,0,0,0,0,0,0,0,0,0,0,0,0,0,0,0,0,0,0,0,0,0,0,2,2,2
"227","Rensselaer",2013,"Crimes Against Persons",0,0,0,0,0,1,0,0,0,0,0,0,0,0,0,0,0,0,0,0,0,0,0,0,0,0,0,0,0,0,0,0,0,0,0,0,0,0,1,1,1
"228","Rensselaer",2015,"Crimes Against Persons",0,0,0,0,0,0,0,0,1,0,0,0,0,0,0,0,0,0,0,0,0,0,0,0,0,0,0,0,0,0,0,0,0,0,0,0,0,0,1,1,1
"229","Rensselaer",2017,"Crimes Against Persons",0,0,0,0,0,0,1,0,0,0,0,0,0,0,0,0,0,0,0,0,0,0,0,0,0,0,0,0,0,0,0,0,0,0,0,0,0,0,1,1,1
"230","Richmond",2010,"Crimes Against Persons",0,0,0,0,0,0,2,0,1,0,1,0,2,0,0,2,0,0,0,0,0,0,0,0,0,0,0,17,0,4,0,4,0,0,0,0,0,0,33,33,59
"231","Richmond",2011,"Crimes Against Persons",0,0,0,0,0,0,1,0,0,0,0,0,1,0,0,1,0,0,0,0,0,0,0,0,0,0,0,0,0,0,0,1,1,0,0,0,0,0,5,7,6
"232","Richmond",2012,"Crimes Against Persons",0,0,0,0,0,0,3,0,0,0,0,0,1,0,0,2,0,0,0,0,0,0,0,0,0,0,0,2,0,0,0,2,0,0,0,0,0,0,10,11,21
"233","Richmond",2013,"Crimes Against Persons",0,0,0,0,0,1,1,0,0,0,0,0,0,0,0,0,0,0,0,0,0,0,0,0,0,0,0,1,0,0,0,1,0,0,0,0,0,0,4,4,7
"234","Richmond",2014,"Crimes Against Persons",0,0,0,0,0,0,2,0,0,0,0,0,1,0,0,0,0,0,0,0,0,0,0,0,0,0,0,1,0,1,0,2,0,0,0,0,0,0,7,7,13
"235","Richmond",2015,"Crimes Against Persons",0,0,0,0,0,1,1,0,0,0,0,0,4,0,0,1,0,0,0,0,0,0,0,0,0,0,0,0,0,0,0,1,0,0,0,1,0,0,9,9,11
"236","Richmond",2016,"Crimes Against Persons",0,0,0,1,0,1,0,0,0,0,0,0,0,0,0,1,0,0,0,0,0,0,0,0,0,0,0,0,0,0,0,0,0,0,0,0,1,0,4,4,4
"237","Richmond",2017,"Crimes Against Persons",0,0,0,1,0,0,3,0,0,0,0,0,0,0,0,1,0,0,0,0,0,0,0,0,0,0,0,2,0,0,0,2,0,0,0,0,0,0,9,11,11
"238","Richmond",2018,"Crimes Against Persons",0,0,0,0,0,5,2,0,0,0,0,0,0,0,0,0,0,0,0,0,0,0,0,0,0,0,0,0,0,0,0,0,0,0,0,0,0,0,7,7,7
"239","Richmond",2019,"Crimes Against Persons",0,0,0,0,0,0,0,0,0,0,0,0,0,0,0,0,0,0,0,0,0,0,0,0,0,0,0,0,0,0,0,1,0,0,0,0,0,0,1,1,1
"240","Rockland",2010,"Crimes Against Persons",0,0,0,0,0,0,2,0,0,0,0,0,6,0,0,1,0,0,0,0,0,0,0,0,0,0,0,2,0,1,0,2,0,0,0,0,0,0,14,14,16
"241","Rockland",2011,"Crimes Against Persons",0,0,0,0,0,0,1,0,0,0,0,0,2,0,0,0,0,0,0,0,0,0,0,0,0,0,0,0,0,0,0,1,0,0,0,0,0,0,4,4,4
"242","Rockland",2012,"Crimes Against Persons",0,0,0,0,0,1,0,0,0,0,0,0,4,0,0,0,0,0,0,0,0,0,0,0,0,0,0,0,0,0,0,0,0,0,0,0,0,0,5,5,11
"243","Rockland",2013,"Crimes Against Persons",0,0,0,0,0,0,2,0,0,0,0,0,2,0,0,0,0,0,0,0,0,0,0,0,0,0,0,0,0,0,0,0,0,0,0,0,0,0,4,4,6
"244","Rockland",2014,"Crimes Against Persons",0,0,0,1,0,0,0,0,0,0,0,0,1,0,0,0,0,0,0,0,0,0,0,0,0,0,0,1,0,0,0,0,0,0,0,0,0,0,3,4,4
"245","Rockland",2016,"Crimes Against Persons",0,0,0,0,0,0,3,0,0,0,0,0,1,0,0,0,0,0,0,0,0,0,0,0,0,0,0,0,0,0,0,0,0,0,0,0,0,0,4,4,4
"246","Rockland",2017,"Crimes Against Persons",0,0,0,0,0,0,0,0,0,0,0,0,2,0,0,1,0,0,0,0,0,0,0,0,0,0,0,0,0,0,0,0,0,0,0,0,0,0,3,3,3
"247","Rockland",2018,"Crimes Against Persons",0,0,0,0,0,1,0,0,0,0,0,0,0,0,0,0,0,0,0,0,0,0,0,0,0,0,0,0,0,0,0,0,0,0,0,0,0,0,1,1,5
"248","Rockland",2019,"Crimes Against Persons",0,0,0,0,0,0,0,0,0,0,0,0,2,0,0,0,0,0,0,0,0,0,0,0,0,0,0,0,0,0,0,0,0,0,0,0,0,0,2,2,4
"249","Saratoga",2010,"Crimes Against Persons",0,0,0,0,0,0,2,0,1,0,1,0,0,0,0,0,0,0,0,0,0,0,0,0,0,0,0,0,0,0,0,0,0,0,0,0,0,0,4,4,4
"250","Saratoga",2011,"Crimes Against Persons",0,0,0,0,0,0,1,0,0,0,0,0,0,0,0,0,0,0,0,0,0,0,0,0,0,0,0,0,1,0,0,0,0,0,0,0,0,0,2,2,2
"251","Saratoga",2012,"Crimes Against Persons",0,0,0,0,0,0,2,0,0,0,0,0,0,0,0,0,0,0,0,0,0,0,0,0,0,0,0,0,0,0,0,0,0,0,0,0,0,0,2,2,2
"252","Saratoga",2013,"Crimes Against Persons",0,0,0,0,0,0,1,0,0,0,0,0,2,0,0,0,0,0,0,0,0,0,0,0,0,0,0,0,0,0,0,0,0,0,0,0,0,0,3,3,3
"253","Saratoga",2015,"Crimes Against Persons",0,0,0,0,0,0,1,0,0,0,0,0,0,0,0,0,0,0,0,0,0,0,0,0,0,0,0,0,0,0,0,0,0,0,0,0,0,0,1,1,1
"254","Saratoga",2017,"Crimes Against Persons",0,0,0,0,0,0,1,0,0,0,0,0,0,0,0,0,0,0,0,0,0,0,0,0,0,0,0,0,0,0,0,0,0,0,0,0,0,0,1,1,1
"255","Saratoga",2018,"Crimes Against Persons",0,0,0,0,0,0,0,0,0,0,0,0,1,0,0,0,0,0,0,0,0,0,0,0,0,0,0,0,0,0,0,0,0,0,0,0,0,0,1,2,2
"256","Saratoga",2019,"Crimes Against Persons",0,0,0,0,0,0,0,1,0,0,0,0,0,0,0,1,0,0,0,0,0,0,0,0,0,0,0,0,0,0,0,0,0,0,0,0,0,0,2,2,2
"257","Schenectady",2010,"Crimes Against Persons",0,0,0,0,0,2,2,0,0,0,0,0,0,0,0,0,0,0,0,0,0,0,0,0,0,0,0,0,0,0,0,0,0,0,0,0,0,0,4,4,4
"258","Schenectady",2011,"Crimes Against Persons",0,0,0,0,0,0,1,0,0,0,1,0,0,0,0,0,0,0,0,0,0,0,0,0,0,0,0,0,0,0,0,0,0,0,0,0,0,0,2,2,2
"259","Schenectady",2015,"Crimes Against Persons",0,0,0,0,0,0,0,0,0,0,0,0,0,0,0,1,0,0,0,0,0,0,0,0,0,0,0,1,0,0,0,0,0,0,0,0,0,0,2,2,2
"260","Schenectady",2017,"Crimes Against Persons",0,0,0,0,0,0,0,0,0,0,0,0,0,0,0,0,0,0,0,0,0,0,0,0,0,0,0,0,0,0,0,1,0,0,0,0,0,0,1,1,1
"261","Schoharie",2013,"Crimes Against Persons",0,0,0,0,0,0,0,0,0,0,0,0,0,0,0,0,0,0,0,0,0,0,0,0,0,0,0,0,0,0,0,0,0,1,0,0,0,0,1,2,2
"262","Schoharie",2014,"Crimes Against Persons",0,0,0,0,0,0,0,0,0,0,0,0,0,0,0,0,0,0,0,0,0,0,0,0,0,0,0,1,0,0,0,0,0,0,0,0,0,0,1,1,3
"263","Schoharie",2016,"Crimes Against Persons",0,0,0,0,0,0,0,0,0,0,0,0,0,0,0,1,0,0,0,0,0,0,0,0,0,0,0,0,0,0,0,0,0,0,0,0,0,0,1,1,1
"264","Schoharie",2018,"Crimes Against Persons",0,0,0,0,0,0,2,0,0,0,0,0,0,0,0,0,0,0,0,0,0,0,0,0,0,0,0,0,0,0,0,0,0,0,0,0,0,0,2,3,2
"265","Schoharie",2019,"Crimes Against Persons",0,0,0,0,0,0,0,0,0,0,0,0,0,0,0,0,0,0,0,0,0,0,0,0,0,0,0,0,0,0,0,1,0,0,0,0,0,0,1,1,1
"266","Schuyler",2011,"Crimes Against Persons",0,0,0,0,0,0,1,0,0,0,0,0,0,0,0,0,0,0,0,0,0,0,0,0,0,0,0,0,0,0,0,0,0,0,0,0,0,0,1,1,1
"267","Seneca",2012,"Crimes Against Persons",0,0,0,0,0,0,0,0,0,0,0,0,0,0,0,0,0,0,0,0,0,0,0,0,0,0,0,0,0,0,0,1,0,0,0,0,0,0,1,1,4
"268","Seneca",2018,"Crimes Against Persons",0,0,0,0,0,0,1,0,0,0,0,0,0,0,0,0,0,0,0,0,0,0,0,0,0,0,0,0,0,0,0,0,0,0,0,0,0,0,1,1,1
"269","St. Lawrence",2010,"Crimes Against Persons",0,0,0,0,0,0,1,0,0,0,0,0,0,0,0,0,0,0,0,0,0,0,0,0,0,0,0,0,0,0,0,0,0,1,0,0,0,0,2,2,2
"270","St. Lawrence",2011,"Crimes Against Persons",0,0,0,0,0,0,0,0,0,0,0,0,0,0,0,0,0,0,0,0,0,0,0,0,0,0,0,0,0,0,0,1,0,0,0,0,0,0,1,1,1
"271","St. Lawrence",2013,"Crimes Against Persons",0,0,0,0,0,0,0,0,0,0,0,0,0,0,0,0,0,0,0,0,0,0,0,0,0,0,0,0,0,0,0,0,1,0,0,0,0,0,1,1,1
"272","St. Lawrence",2014,"Crimes Against Persons",0,0,0,0,0,0,1,0,0,0,0,0,1,0,0,0,0,0,0,0,0,0,0,0,0,0,0,0,0,0,0,0,0,0,0,0,0,0,2,2,2
"273","St. Lawrence",2015,"Crimes Against Persons",0,0,0,0,0,0,1,0,0,0,0,0,0,0,0,0,0,0,0,0,0,1,0,0,0,0,0,0,0,0,0,1,1,0,0,0,0,0,4,4,4
"274","St. Lawrence",2016,"Crimes Against Persons",0,0,0,0,0,0,0,0,0,0,0,0,0,0,0,0,0,0,0,0,0,0,0,0,0,0,0,0,0,1,0,0,0,0,0,0,0,0,1,1,1
"275","St. Lawrence",2018,"Crimes Against Persons",0,0,0,0,0,0,0,0,1,0,0,0,0,0,0,0,0,0,0,0,0,0,0,0,0,0,0,0,0,0,0,0,0,0,0,0,0,0,1,1,1
"276","St. Lawrence",2019,"Crimes Against Persons",0,0,0,0,0,0,1,0,0,0,0,0,0,0,0,0,0,0,0,0,0,0,0,0,0,0,0,0,0,1,0,0,0,0,0,0,0,0,2,2,2
"277","Steuben",2010,"Crimes Against Persons",0,0,0,0,0,1,0,0,0,0,0,0,0,0,0,0,0,0,0,0,0,0,0,0,0,0,0,1,0,0,0,0,0,0,0,0,0,0,2,2,3
"278","Steuben",2013,"Crimes Against Persons",0,1,0,0,0,0,0,0,0,0,0,0,0,0,0,0,0,0,0,0,0,0,0,0,0,0,0,0,0,0,0,0,0,0,0,0,0,0,1,12,1
"279","Steuben",2017,"Crimes Against Persons",0,0,0,0,0,0,1,0,0,0,0,0,0,0,0,0,0,0,0,0,0,0,0,0,0,0,0,0,0,0,0,0,0,0,0,0,0,0,1,1,1
"280","Suffolk",2010,"Crimes Against Persons",0,0,0,0,0,1,7,0,1,0,0,0,4,0,0,1,0,0,0,0,0,0,0,0,0,0,0,10,1,1,0,10,1,0,0,0,0,1,38,42,53
"281","Suffolk",2011,"Crimes Against Persons",0,0,0,0,1,1,3,0,0,0,0,0,4,0,0,2,0,0,0,0,0,0,0,0,0,0,0,5,0,3,0,3,0,0,0,0,1,0,23,23,30
"282","Suffolk",2012,"Crimes Against Persons",0,0,0,0,0,1,8,0,0,0,0,0,6,0,0,2,0,0,0,1,0,0,0,0,0,0,0,7,1,1,0,1,3,4,0,0,0,0,35,40,35
"283","Suffolk",2013,"Crimes Against Persons",0,0,0,0,0,1,7,0,0,0,0,0,4,0,0,0,0,0,0,0,0,0,0,0,0,0,0,4,0,0,0,2,1,2,0,0,0,0,21,22,39
"284","Suffolk",2014,"Crimes Against Persons",0,0,0,0,0,0,2,0,1,0,0,0,2,0,0,1,0,0,0,0,0,0,0,0,0,0,0,1,0,1,0,8,0,0,0,0,0,0,16,16,17
"285","Suffolk",2015,"Crimes Against Persons",0,0,1,0,0,0,5,0,1,0,0,0,4,0,0,2,0,0,0,0,0,0,0,0,0,0,0,3,0,0,0,3,0,0,1,0,0,0,20,20,21
"286","Suffolk",2016,"Crimes Against Persons",0,0,0,0,0,0,2,0,1,0,0,0,0,0,0,0,0,0,0,0,0,0,0,0,0,0,0,0,0,0,0,2,0,0,0,0,0,0,5,5,5
"287","Suffolk",2017,"Crimes Against Persons",0,0,0,0,0,0,3,0,1,0,0,0,0,0,0,1,0,0,0,0,0,0,0,0,0,0,0,0,0,0,0,0,0,1,0,0,0,0,6,6,6
"288","Suffolk",2018,"Crimes Against Persons",0,0,0,0,0,1,3,0,1,0,0,0,0,0,0,1,0,0,0,1,0,0,0,0,0,0,0,1,0,0,0,1,1,0,0,0,1,0,11,11,11
"289","Suffolk",2019,"Crimes Against Persons",0,0,0,0,0,1,2,0,1,0,0,0,0,0,0,0,0,0,0,0,0,0,0,0,0,0,0,2,0,0,0,0,0,1,0,0,0,0,7,7,7
"290","Sullivan",2010,"Crimes Against Persons",0,0,0,0,0,0,1,0,0,0,0,0,0,0,0,0,0,0,0,0,0,0,0,0,0,0,0,0,0,0,0,0,0,0,0,0,0,0,1,1,1
"291","Sullivan",2017,"Crimes Against Persons",0,0,0,0,0,0,1,0,0,0,0,0,0,0,0,0,0,0,0,0,0,0,0,0,0,0,0,0,0,0,0,0,0,0,0,0,0,0,1,1,1
"292","Tioga",2013,"Crimes Against Persons",0,0,0,0,0,0,0,0,0,0,0,0,0,0,0,0,0,0,0,0,0,0,0,0,0,0,0,0,0,0,0,1,0,0,0,0,0,0,1,1,3
"293","Tioga",2015,"Crimes Against Persons",0,0,0,0,0,0,1,0,0,0,0,0,0,0,0,0,0,0,0,0,0,0,0,0,0,0,0,0,0,0,0,0,0,0,0,0,0,0,1,1,1
"294","Tompkins",2010,"Crimes Against Persons",0,0,0,0,0,0,2,0,1,0,0,0,0,0,0,0,0,0,0,0,0,0,0,0,0,0,0,1,0,0,0,1,0,0,0,0,0,0,5,5,5
"295","Tompkins",2012,"Crimes Against Persons",0,0,0,0,0,1,0,0,1,0,0,0,0,0,0,0,0,0,0,0,0,0,0,0,0,0,0,0,0,0,0,2,1,0,0,0,0,0,5,8,5
"296","Tompkins",2013,"Crimes Against Persons",0,0,0,0,0,0,0,0,1,0,0,0,0,0,0,0,0,0,0,0,0,0,0,0,0,0,0,0,0,0,0,0,1,0,0,0,0,0,2,2,2
"297","Tompkins",2014,"Crimes Against Persons",0,0,0,0,0,0,0,0,0,0,0,0,0,0,0,0,0,0,0,0,0,0,0,0,0,0,0,0,0,0,0,1,0,0,0,0,0,0,1,1,1
"298","Tompkins",2016,"Crimes Against Persons",0,0,0,0,0,0,0,0,0,0,0,0,0,0,0,0,0,0,0,0,0,0,0,0,0,0,0,0,0,0,0,0,1,0,0,0,0,0,1,1,1
"299","Tompkins",2017,"Crimes Against Persons",0,0,0,0,0,0,2,0,0,0,0,0,0,0,0,0,0,0,0,0,0,0,0,0,0,0,0,0,0,0,0,0,0,0,0,0,0,0,2,2,2
"300","Ulster",2010,"Crimes Against Persons",0,0,0,0,0,0,1,0,1,0,1,0,0,0,0,0,0,0,0,0,0,0,0,0,0,0,0,0,0,0,0,1,0,0,0,0,0,0,4,4,4
"301","Ulster",2011,"Crimes Against Persons",0,0,0,0,1,0,0,0,0,0,0,0,0,0,0,0,0,0,0,0,0,0,0,0,0,0,0,0,0,0,0,1,0,0,0,0,0,0,2,3,4
"302","Ulster",2013,"Crimes Against Persons",0,0,0,0,0,0,3,0,0,0,0,0,0,0,0,0,0,0,0,0,0,0,0,0,0,0,0,0,0,0,0,0,0,0,0,0,0,0,3,3,3
"303","Ulster",2014,"Crimes Against Persons",0,0,0,0,0,0,0,0,0,0,0,0,1,0,0,0,0,0,0,0,0,0,0,0,0,0,0,0,0,0,0,0,0,0,0,0,0,0,1,1,1
"304","Ulster",2016,"Crimes Against Persons",0,0,0,0,0,0,1,0,0,0,0,0,0,0,0,0,0,0,0,0,0,0,0,0,0,0,0,0,0,0,0,0,0,0,0,0,0,0,1,1,1
"305","Ulster",2017,"Crimes Against Persons",0,0,0,0,0,0,0,0,0,0,0,0,1,0,0,0,0,0,0,0,0,0,0,0,0,0,0,0,1,0,0,0,0,0,0,0,0,0,2,2,2
"306","Ulster",2018,"Crimes Against Persons",0,0,2,0,0,0,0,0,0,0,0,0,0,0,0,0,0,0,0,0,0,0,0,0,0,0,0,0,0,0,0,0,0,0,0,0,0,0,2,2,2
"307","Ulster",2019,"Crimes Against Persons",0,0,0,1,0,0,0,0,0,0,0,0,1,0,0,0,0,0,0,0,0,0,0,0,0,0,0,0,0,0,0,0,0,0,0,0,0,0,2,2,2
"308","Warren",2015,"Crimes Against Persons",0,0,0,0,0,0,0,0,0,0,0,0,0,0,0,0,0,0,0,0,0,0,0,0,0,0,0,1,0,0,0,0,0,0,0,0,0,0,1,1,1
"309","Warren",2017,"Crimes Against Persons",0,0,0,0,0,0,1,0,0,0,0,0,0,0,0,0,0,0,0,0,0,0,0,0,0,0,0,0,0,0,0,0,0,0,0,0,0,0,1,1,1
"310","Washington",2010,"Crimes Against Persons",0,0,0,0,0,0,0,0,0,0,0,0,0,0,0,0,0,0,0,0,0,0,0,0,0,0,0,1,0,0,0,0,0,0,0,0,0,0,1,1,1
"311","Washington",2012,"Crimes Against Persons",0,0,0,0,0,0,2,0,0,0,0,0,0,0,0,0,0,0,0,0,0,0,0,0,0,0,0,0,0,0,0,0,0,0,0,0,0,0,2,2,2
"312","Washington",2014,"Crimes Against Persons",0,0,0,0,0,0,0,0,0,0,0,0,0,0,0,0,0,0,0,0,0,0,0,0,0,0,0,0,0,0,0,0,1,0,0,0,0,0,1,1,1
"313","Wayne",2010,"Crimes Against Persons",0,0,0,0,0,0,2,0,0,0,0,0,0,0,0,0,0,0,0,0,0,0,0,0,0,0,0,0,0,0,0,1,0,0,0,0,0,0,3,3,3
"314","Wayne",2011,"Crimes Against Persons",0,0,0,0,0,0,1,0,0,0,0,0,0,0,0,0,0,0,0,0,0,0,0,0,0,0,0,0,0,0,0,0,0,0,0,0,0,0,1,1,1
"315","Wayne",2017,"Crimes Against Persons",0,0,0,0,0,0,1,0,0,0,0,0,0,0,0,0,0,0,0,0,0,0,0,0,0,0,0,0,0,0,0,0,0,0,0,0,0,0,1,1,1
"316","Wayne",2018,"Crimes Against Persons",0,0,0,0,0,0,1,0,0,0,0,0,0,0,0,0,0,0,0,0,0,0,0,0,0,0,0,0,0,0,0,0,0,0,0,0,0,0,1,1,1
"317","Westchester",2010,"Crimes Against Persons",0,0,0,0,0,1,3,0,0,0,0,0,6,0,0,0,0,0,0,0,0,0,0,0,0,0,0,0,0,1,0,4,0,1,0,0,0,0,16,16,21
"318","Westchester",2011,"Crimes Against Persons",0,0,0,0,0,2,5,0,1,0,0,0,3,0,0,0,0,0,0,0,0,0,0,0,0,0,0,0,1,0,0,3,0,1,0,0,0,1,17,20,24
"319","Westchester",2012,"Crimes Against Persons",1,1,0,0,0,1,2,0,0,0,0,0,0,0,0,0,0,0,0,0,0,0,0,0,0,0,0,0,1,1,0,6,0,0,0,0,0,0,13,13,15
"320","Westchester",2013,"Crimes Against Persons",0,1,1,0,0,0,3,0,0,0,0,0,1,0,0,0,0,0,0,0,0,0,0,0,0,0,0,2,0,0,0,1,0,0,0,0,0,0,9,9,9
"321","Westchester",2014,"Crimes Against Persons",0,0,0,0,0,1,3,0,0,0,0,0,1,0,0,0,0,0,0,0,0,0,0,0,0,0,0,0,0,3,0,5,0,0,0,0,0,0,13,13,14
"322","Westchester",2015,"Crimes Against Persons",0,0,1,0,0,0,2,0,0,0,0,0,1,0,0,1,0,0,0,0,0,0,0,0,0,0,0,0,0,0,0,2,0,0,0,0,0,0,7,8,11
"323","Westchester",2016,"Crimes Against Persons",0,0,0,0,0,0,1,0,0,0,0,0,5,0,0,0,0,0,0,0,0,0,0,0,0,0,0,3,0,0,0,2,0,0,0,0,0,0,11,11,13
"324","Westchester",2017,"Crimes Against Persons",0,0,0,1,0,1,2,0,0,0,0,0,1,0,0,0,0,0,0,0,0,0,0,0,0,0,0,2,1,2,0,1,0,0,0,0,1,0,12,14,15
"325","Westchester",2018,"Crimes Against Persons",0,0,0,0,0,1,2,0,0,0,0,0,0,0,0,1,0,0,0,0,0,0,0,0,0,0,0,0,0,0,0,2,0,0,0,0,0,0,6,6,6
"326","Westchester",2019,"Crimes Against Persons",0,0,0,0,0,3,1,0,2,0,0,0,2,0,0,0,0,0,0,0,0,0,0,0,0,0,0,0,0,0,0,1,0,0,0,0,0,0,9,10,12
